번호,파일명,분류,배경 의존도,특징,추가 구현 요청 포인트
1,브랜드 방향 A,브랜드/무드보드,낮음,"전체 무드용, 실제 화면 아님","구현 화면의 직접 레이아웃으로 쓰지 말고 색상, 여백, 타이포, 버튼 밀도, 카드 radius, 포커스 링 톤의 기준으로만 사용. 실제 UI에는 과한 장식 배경을 복제하지 말고 디자인 토큰(primary, accent, surface, border, muted text)으로 추출해서 적용."
2,브랜드 방향 B,브랜드/무드보드,낮음,"전체 무드용, 실제 화면 아님","구현 화면의 직접 컴포넌트 구조로 쓰지 말고 warm AI, calm, editorial 톤의 보조 레퍼런스로 사용. 코랄 포인트는 CTA, 진행, 피드백처럼 의미 있는 상태에만 제한하고 전체 화면이 한 가지 색으로 뭉치지 않게 neutral surface와 blue-green 계열을 분리."
3,내비게이션 구조,다이어그램형 시안,낮음,"실제 화면 아님, 구조 비교용","라우팅 구조는 홈, 어휘, 말하기, 쓰기·읽기 4개 목적 탭을 기준으로 재구성. 모바일은 하단 탭바 4개와 우상단 설정 아이콘을 고정하고, 각 탭 내부 기능은 별도 route 남발보다 세그먼트/서브탭으로 노출. 데스크톱은 같은 정보구조를 유지하되 사이드/상단 내비게이션으로 확장 가능하게 설계. 현재 위치, active tab, nested segment 상태가 URL 또는 상태와 동기화되어 새로고침 후에도 유지되게 구현."
4,온보딩,UI 중심,낮음~중간,"배경 단순, 카드+버튼 위주","데스크톱 1440 기준 중앙 narrow container는 최대 720px로 제한하고 모바일에서는 좌우 16~20px 여백 유지. 영어/스페인어/일본어 선택 카드는 전체 카드가 클릭 영역이며 선택 시 ring, border, background, aria-selected가 동시에 바뀌어야 함. CTA는 선택 전 disabled, 저장 중 loading, 저장 실패 error message와 retry 가능 상태를 모두 구현. 긴 언어명이나 이후 언어 추가 시 카드가 깨지지 않도록 grid는 auto-fit 또는 wrap 구조로 만들고, 모바일에서는 1열, 태블릿 이상에서는 3열까지 자연스럽게 전환."
5,홈 탭,UI+배경 혼합,중간,히어로 카드 배경 장식 있을 가능성,"오늘의 코스 체크리스트처럼 보이지 않게 메인 카피와 카드 액션을 '지금 이어서 하면 좋은 학습' 추천 흐름으로 구성. 추천 카드에는 남은 양, 이어보기 위치, 추천 이유가 항상 들어갈 수 있는 슬롯을 만들고 값이 없을 때는 레이아웃이 무너지지 않게 fallback 텍스트 또는 숨김 규칙을 정의. 메인 hero 추천 카드와 보조 추천 3~4개는 모바일에서 세로 스택, 데스크톱에서 2열/비대칭 그리드로 전환. 하단 학습 스냅샷은 숫자가 커져도 카드 폭을 밀지 않게 minmax와 줄바꿈 처리. 하단 탭바는 모바일 고정, 데스크톱에서는 중복 노출하지 않거나 사이드 내비게이션으로 변환."
6,어휘 탭 허브,UI 중심,낮음~중간,리스트/세그먼트 위주,"플래시카드, 청크, 내 사전 세그먼트는 active, hover, focus, disabled 상태를 명확히 구현하고 키보드 이동이 가능해야 함. 오늘 복습 도래 요약의 N/M 값이 0일 때 empty 안내와 대체 CTA를 제공. 미리보기 카드 목록은 데이터가 0개, 1개, 많은 경우 모두 높이가 튀지 않도록 skeleton, empty state, max rows 규칙을 둠. 모바일에서는 세그먼트가 가로 스크롤되지 않게 축약 또는 균등 분배하고, 긴 텍스트는 2줄 이내 ellipsis 처리."
7,플래시카드·청크 학습,"UI 중심, 인터랙션 많음",중간,"모드 탭, 입력창, 정오답 색상 다양","모드 탭(뒤집기/객관식/주관식/받아쓰기/뉘앙스)은 각 모드별 입력 방식과 하단 액션 버튼 구성이 달라지므로 상태 머신으로 분리. 진행률 n/N은 N=0, 완료, 중단 후 재개 상태를 처리. 중앙 학습 카드는 긴 단어/문장/청크가 영역을 넘지 않게 font-size clamp, word-break, max-height 내부 스크롤을 적용. 주관식/받아쓰기 입력창은 정답 제출 전/후, 정답/오답, 다시 시도 상태를 분리하고 색상만으로 판단하지 않도록 아이콘과 텍스트 피드백을 함께 제공. 완료 화면과 empty state는 별도 route가 아니라 같은 학습 컨테이너 안의 상태로 전환."
8,내 사전,UI 중심,낮음,리스트/검색 위주,"검색 입력은 debounce, clear button, IME 조합 중 submit 방지, 빈 검색 처리까지 구현. 내가 담은 단어/청크와 전체 DB 탐색은 탭 또는 섹션으로 구분하되 같은 row 컴포넌트를 재사용. heart toggle과 삭제 액션은 서로 클릭 영역이 겹치지 않게 하고 optimistic update 실패 시 되돌림/토스트를 제공. 목록은 긴 뜻, 예문, 태그가 있어도 row 높이가 과도하게 커지지 않도록 2~3줄 clamp와 상세 펼침을 제공. 검색 결과 없음과 저장 항목 없음은 별도 empty state로 문구와 CTA를 다르게 둠."
9,말하기 탭 허브,UI+배경 혼합,중간,"영상 썸네일, 요약 카드 배경","영상 썸네일은 목업 이미지를 고정하지 말고 실제 YouTube 썸네일 URL 또는 안전한 placeholder 컴포넌트로 대체. 이어보기 위치, 마지막 피드백 점수, 시나리오명은 없을 수 있으므로 null 상태의 카드 문구를 정의. 쉐도잉/AI 대화 세그먼트는 하위 화면 진입 CTA와 최근 활동 미리보기를 분리해 클릭 혼선을 줄임. 모바일에서는 썸네일 비율을 16:9로 고정하고 카드 높이가 이미지 로딩 전후로 흔들리지 않게 aspect-ratio를 지정."
10,쉐도잉 목록+플레이어,UI+미디어,중간~높음,"플레이어 UI 복잡, 버튼 다수","목록과 플레이어는 한 화면에 보이더라도 구현에서는 video list, subtitle source input, player, subtitle list, control bar를 컴포넌트로 분리. 플레이어 컨트롤 바는 재생/일시정지, -3초/+3초, 배속, A-B 반복, 자막 줄 반복 상태가 좁은 화면에서 겹치지 않게 우선순위를 정하고 overflow menu를 제공. 자막 리스트는 현재 줄 active highlight, 긴 문장 wrap, 반복 구간 표시를 지원. YouTube URL 자동 가져오기 실패, 파일 업로드 실패, 직접 붙여넣기 empty 상태를 모두 표시. 영상 영역은 로딩 전 skeleton과 오류 대체 UI를 가지고 고정 aspect-ratio로 레이아웃 점프를 방지."
11,AI 역할극 목록+채팅,UI+배경 혼합,중간,"채팅 버블, 시나리오 카드 장식","시나리오 카드와 채팅 화면, 피드백 패널을 독립 컴포넌트로 분리하고 선택한 시나리오가 채팅 미션 요약에 반영되게 상태를 연결. 점선 '커스텀 상황 만들기' 카드는 일반 카드와 구분되지만 같은 grid 흐름을 따라야 함. 채팅 버블은 긴 문장, 다국어, 음성 입력 transcript, 시스템 피드백 메시지까지 깨지지 않게 max-width와 word-break를 지정. 입력창은 전송 중, 음성 녹음 중, auto speak on/off, 종료 확인, 피드백 생성 중 상태를 분리. 피드백 패널은 점수만 보여주지 말고 표현별 코멘트 목록과 재도전 CTA를 포함하며 모바일에서는 채팅 아래 접히는 패널로 전환."
12,쓰기·읽기 탭 허브,UI 중심,낮음~중간,요약 카드 위주,"읽기, 번역가, 영작 일기, 뉘앙스 퀴즈 세그먼트는 최근 활동 카드의 데이터 구조가 다르므로 공통 summary card에 title, metric, date, CTA 슬롯을 둠. 이어 읽던 문서가 없으면 업로드/라이브러리 CTA를 보여주고 빈 카드로 공간만 남기지 않음. 최근 번역 점수, 일기 날짜, 뉘앙스 점수는 값이 없거나 길어져도 카드 그리드가 깨지지 않도록 clamp와 fallback을 적용. 모바일에서는 세그먼트와 최근 활동 카드가 세로 흐름으로 바뀌며 하단 탭바와 겹치지 않도록 bottom padding을 확보."
13,읽기 목록,UI 중심,낮음,그리드/카드 위주,"PDF 업로드 버튼은 drag/drop, file picker, 업로드 중, 실패, 지원 형식 안내를 포함. 내 문서 그리드는 실제 커버가 없을 수 있으므로 문서 제목 기반 placeholder를 사용하고 목업 책 커버를 그대로 쓰지 않음. 이어 읽기 섹션은 진행률, 마지막 페이지, 최근 열람 날짜를 카드에 표시하고 데이터가 없으면 숨기거나 시작 CTA로 대체. Gutenberg 검색은 로딩, 결과 없음, API 실패 상태를 분리. 그리드는 카드 수가 적어도 좌측 정렬을 유지하고 모바일에서는 1~2열, 데스크톱에서는 3~4열로 반응형 전환."
14,읽기 뷰어,UI+타이포그래피 중심,중간,"본문 레이아웃, 팝업, 번역 패널","본문 영역은 max-width 1360px 안에서 reader column과 우측 번역 패널을 분리하고, 본문 텍스트가 영역을 넘으면 가로 스크롤이 아니라 페이지/문단 흐름을 늘리거나 세로 스크롤로 처리. 긴 단어, 긴 문장, 줄바꿈 없는 텍스트도 overflow-wrap과 hyphens로 컨테이너 밖으로 나가지 않게 함. 단어 클릭 dictionary popup은 선택 단어 주변에 뜨되 viewport 밖으로 나가면 자동으로 위치를 뒤집고, 스크롤/페이지 이동 시 닫히거나 재배치. 드래그 후 번역 floating action은 선택 영역이 있을 때만 표시하고 본문을 가리지 않게 위치 보정. 우측 번역 패널은 '기본 번역'과 'AI 첨삭' 모드를 분리하고, AI 첨삭 모드는 영어본문, 사용자 입력 textarea, 제출 후 AI첨삭 결과 카드 순서로 구현. 페이지 이동 컨트롤과 읽기 진행률은 고정 영역에 두되 모바일에서는 하단 고정바 또는 접힘 패널로 전환."
15,번역가+영작 일기,UI 중심,낮음~중간,"textarea, 결과 카드 위주","번역가와 영작 일기는 한 화면 레퍼런스지만 구현에서는 Translator와 Journal을 별도 route 또는 tab으로 분리 가능하게 컴포넌트 경계를 둠. textarea는 입력량이 많아져도 화면 전체를 밀지 않도록 min-height, max-height, 내부 스크롤을 지정하고 autosize 사용 시 상한을 둠. AI 평가/첨삭 결과는 로딩, 성공, 실패, 저장 전/후 상태를 구분. 단어 수 카운터는 IME 입력 중에도 안정적으로 갱신하고 제한 초과 시 CTA 상태를 바꿈. 지난 기록 목록은 제목 없음, 긴 제목, 삭제/복원 상태를 처리하고 모바일에서는 결과 카드가 입력창 아래로 내려가게 배치."
16,뉘앙스 퀴즈,UI 중심,낮음,인트로/진행/완료 3상태,"인트로, 진행 중, 완료 화면은 같은 퀴즈 플로우의 상태 전환으로 구현하고 URL/상태 새로고침 시 유실되지 않게 저장 전략을 정함. 문제 수와 난이도 선택은 disabled/default/error 상태를 포함. 4지선다 선택지는 긴 표현도 카드 밖으로 나가지 않게 2줄 이상 wrap하고, 정답/오답 피드백은 색상뿐 아니라 라벨과 설명 텍스트를 제공. n/N과 현재 점수는 진행 중 상단에 고정하고 모바일에서 답안 카드와 겹치지 않도록 spacing 확보. 완료 화면은 정답 수, 다시 풀기, 약점 복습 CTA를 포함."
17,루틴,UI 중심,낮음,체크리스트 위주,"4개 고정 태스크(플래시카드 복습, 청크 복습, 쉐도잉, 원서 읽기)는 하드코딩된 회색 UI가 아니라 디자인 토큰 기반 체크리스트로 구현. 각 항목은 권장 시간, 완료 상태, 바로가기, unavailable 상태를 포함. 전체 완료 시 streak 적립 암시는 과한 애니메이션 대신 status banner나 subtle toast로 처리. Phase별 태스크 확장을 고려해 task schema에 phase, priority, estimateMinutes, route를 포함하고, 미래 태스크가 추가되어도 리스트 간격과 카드 높이가 무너지지 않게 repeatable row 구조로 설계. 모바일에서는 체크 영역과 바로가기 버튼 클릭 영역이 겹치지 않도록 분리."
18,통계+Phase,UI+데이터 시각화,중간,"진행바, 차트 영역 장식","통계 수치는 목업값을 고정하지 말고 실제 데이터 바인딩 전제로 loading, no data, partial data 상태를 구현. 현재/최장 스트릭, 누적 학습 시간, 학습한 날, 단어/청크 완료율은 숫자 길이가 달라도 카드가 밀리지 않게 tabular-nums와 min-width를 사용. Phase 1~5 진행도는 현재 단계, 완료, 잠김, 다음 목표 상태를 구분하고 진행 바는 0%, 100%, 초과/오류값 방어 처리. 시계열 차트 영역은 라이브러리 로딩 전 skeleton과 데이터 없음 안내를 제공. 루틴 30일 달성/졸업 카드는 실제 조건이 충족되지 않으면 placeholder나 locked 상태로 표시."
19,설정,UI 중심,낮음,"섹션형 리스트, 토글/셀렉트 위주","프로필, 학습, 데이터, 모양, 음성 섹션을 각각 독립 컴포넌트로 분리하고 저장은 전체 저장 또는 섹션별 저장 중 하나로 정책을 명확히. 학습 언어, CEFR 레벨, 회당 학습량, 레벨 ±1 옵션, theme/dark mode, TTS voice는 select, stepper, toggle의 focus/disabled/loading 상태를 구현. 값 변경 후 저장 전 dirty state를 표시하고 저장 성공/실패 toast를 제공. 데이터/단어장 관리처럼 위험도가 있는 액션은 확인 모달과 취소 경로를 둠. 모바일에서는 긴 설정 목록이 한 화면에 과밀해지지 않게 섹션 간 anchor 또는 accordion을 고려하고, 저장 버튼은 하단 sticky 영역으로 배치."
